TYPE,VALUE,OPTION_A,OPTION_B,OPTION_C,OPTION_D,OPTION_E,CORRECT_ANSWER,CORRECT_BLANK_1,CORRECT_BLANK_2,CORRECT_BLANK_3
PASSAGE,"The origin of human language has puzzled scholars for centuries. While the precise beginnings are lost in prehistory, linguists and anthropologists attempt to reconstruct how humans first developed complex systems of communication. Unlike other animals, whose communication systems are limited to specific signals, human language is infinitely productive: we can generate an endless variety of sentences from a finite vocabulary.

Several theories exist regarding how language began. The 'bow-wow' theory suggests that language originated from imitations of natural sounds, such as animal cries. The 'yo-he-ho' theory proposes that language developed from the rhythmic chants of communal labour. Other theories point to the importance of gestures, which may have gradually evolved into vocal communication. 

Genetic evidence adds another dimension. The discovery of the FOXP2 gene, associated with language ability, suggests that biological evolution played a role in preparing humans for speech. Archaeological findings also indicate that early Homo sapiens possessed the anatomical structures necessary for spoken language. 

Despite these insights, the origin of language remains unresolved. No single theory has achieved consensus, and it is likely that language emerged from a combination of biological, social, and environmental factors.",,,,,,

QUESTION,"1. Bow-wow theory","Based on imitating sounds","Based on work chants","Based on gestures","Based on genetic discovery","Based on anatomical structures",A,,
QUESTION,"2. Yo-he-ho theory","Based on imitating sounds","Based on work chants","Based on gestures","Based on genetic discovery","Based on anatomical structures",B,,
QUESTION,"3. Gesture-based theory","Based on imitating sounds","Based on work chants","Based on gestures","Based on genetic discovery","Based on anatomical structures",C,,
QUESTION,"4. FOXP2 discovery","Based on imitating sounds","Based on work chants","Based on gestures","Based on genetic discovery","Based on anatomical structures",D,,
QUESTION,"5. Archaeological evidence","Based on imitating sounds","Based on work chants","Based on gestures","Based on genetic discovery","Based on anatomical structures",E,,
QUESTION,"6. Which TWO factors are mentioned as contributing to the emergence of language?","Environment","Writing systems","Social cooperation","Mathematics","Biological evolution",A,,
QUESTION,"7. Which TWO human abilities distinguish language from animal communication?","Limited signals","Infinite productivity","Grammar and syntax","Imitation of cries","Silent gestures",B,,
QUESTION,"8. What evidence suggests Homo sapiens could speak?","Musical instruments","Anatomical structures","Stone tools","Fire use","Migration patterns",B,,
QUESTION,"9. What kind of gene is FOXP2?","Memory-related","Language-related","Hunting-related","Food-digestion-related","Muscle-related",B,,
QUESTION,"10. Which TWO reasons explain why language origin remains unresolved?","Lack of consensus","Too many languages","No written records","Combined causes","Recent invention",A,,
QUESTION,"11. The bow-wow theory...","Could imitate natural sounds","May have helped coordinate work","Suggested biological readiness for speech",,,A,,
QUESTION,"12. The yo-he-ho theory...","Could imitate natural sounds","May have helped coordinate work","Suggested biological readiness for speech",,,B,,
QUESTION,"13. The FOXP2 gene discovery...","Could imitate natural sounds","May have helped coordinate work","Suggested biological readiness for speech",,,C,,

PASSAGE,"Climate change is not only an environmental issue but also an economic challenge. Economists argue that global warming represents one of the greatest examples of 'market failure,' where private markets alone cannot adequately address the problem. 

The main economic difficulty lies in the nature of greenhouse gases: their impacts are global and long-term. A factory may emit carbon dioxide locally, but the consequences are spread worldwide over decades. Thus, firms and consumers have little incentive to reduce emissions on their own.

To correct this, governments implement policies such as carbon taxes and emissions trading schemes. A carbon tax charges firms for each ton of emissions, creating a financial incentive to reduce pollution. Emissions trading, or 'cap-and-trade,' sets an overall limit on emissions and allows firms to buy and sell allowances. 

Opponents argue these measures may harm economic growth or disadvantage certain industries. Supporters counter that the costs of inaction—such as damage from extreme weather, sea-level rise, and lost agricultural productivity—far outweigh the expenses of mitigation. Economists such as Nicholas Stern describe climate change as 'the greatest market failure in history.'",,,,,,

FILL_BLANK_QUESTION,"14. Economists see climate change as a [BLANK].",,,,,,,Market failure,,
FILL_BLANK_QUESTION,"15. Greenhouse gas effects are [BLANK] and [BLANK].",,,,,,,Global,Long-term,
FILL_BLANK_QUESTION,"16. A [BLANK] creates a financial cost for emissions.",,,,,,,Carbon tax,,
FILL_BLANK_QUESTION,"17. [BLANK] allows firms to trade pollution allowances.",,,,,,,Cap-and-trade,,

TRUE_FALSE_QUESTION,"19. Greenhouse gases have only local effects.",,,,,,FALSE,,
TRUE_FALSE_QUESTION,"20. Emissions trading sets an overall limit on pollution.",,,,,,TRUE,,
TRUE_FALSE_QUESTION,"21. Critics believe climate policies may slow economic growth.",,,,,,TRUE,,
TRUE_FALSE_QUESTION,"22. Nicholas Stern supported abandoning climate action.",,,,,,FALSE,,
FILL_BLANK_QUESTION,"23. [BLANK] | Charges firms per ton of emissions",,,,,,,Carbon tax,,
FILL_BLANK_QUESTION,"24. [BLANK] | Allows firms to trade emission rights",,,,,,,Cap-and-trade,,
FILL_BLANK_QUESTION,"25. Critics’ concern | May harm [BLANK]",,,,,,,Economic growth,,
FILL_BLANK_QUESTION,"26. Supporters’ concern | Costs of [BLANK] are higher",,,,,,,inaction,,

PASSAGE,"Artificial Intelligence (AI) is transforming healthcare by enabling faster diagnoses, personalised treatments, and more efficient hospital systems. Machine learning algorithms, trained on massive datasets, can identify patterns that surpass human detection. 

In diagnostics, AI tools analyse medical images to detect cancers, heart disease, and other conditions at early stages. In treatment, AI helps design personalised drug therapies and predict patient responses. Administrative applications include managing patient records, scheduling, and optimising hospital resources. 

However, challenges exist. Algorithms may inherit biases from training data, leading to unequal treatment outcomes. There are also concerns about patient privacy and data security. Moreover, reliance on AI raises ethical questions: to what extent should machines make life-and-death decisions? 

Despite these issues, experts argue that AI should complement, not replace, human doctors. By handling repetitive tasks, AI allows medical professionals to focus on empathy, judgment, and patient care. The integration of AI is likely to reshape the medical profession profoundly in the coming decades.",,,,,,

QUESTION,"27. AI can already assist with:","Detecting diseases","Performing surgeries alone","Training doctors","Building hospitals",,A,,,
QUESTION,"28. What is a benefit of AI in hospitals?","Replacing doctors","Managing records and schedules","Creating new diseases","Eliminating patients’ privacy",,B,,,
QUESTION,"29. What risk is associated with AI in medicine?","Fewer patients","Biased algorithms","Slower treatment","Higher empathy",,B,,,
QUESTION,"30. What ethical issue is raised by AI?","Shortage of medicines","Machine decision-making in life-or-death cases","Overuse of doctors","Lack of hospitals",,B,,,
QUESTION,"31. According to experts, AI should:","Replace doctors entirely","Complement human doctors","Focus only on data security","Avoid repetitive tasks",,B,,,
FILL_BLANK_QUESTION,"32. AI can analyse [BLANK] to find early signs of disease.",,,,,,,medical images,,
FILL_BLANK_QUESTION,"33. In treatment, AI helps design [BLANK].",,,,,,,personalised drug therapies,,
FILL_BLANK_QUESTION,"34. One challenge is ensuring patient [BLANK].",,,,,,,privacy,,
FILL_BLANK_QUESTION,"35. AI should not replace but [BLANK] doctors.",,,,,,,complement,,
FILL_BLANK_QUESTION,"36. AI allows professionals to focus on [BLANK] and patient care.",,,,,,,empathy,,
QUESTION,"37. Mentions administrative applications of AI.","Paragraph 1","Paragraph 2","Paragraph 3","Paragraph 4",,B,,,
QUESTION,"38. Mentions ethical concerns about machine decision-making.","Paragraph 1","Paragraph 2","Paragraph 3","Paragraph 4",,C,,,
QUESTION,"39. Mentions human qualities that AI cannot replace.","Paragraph 1","Paragraph 2","Paragraph 3","Paragraph 4",,D,,,
QUESTION,"40. Mentions AI surpassing human detection abilities.","Paragraph 1","Paragraph 2","Paragraph 3","Paragraph 4",,A,,,