question,course_id
Some people believe that the only way to travel is by car.Others think that public transport should be encouraged more. Discuss bothviews and give your opinion.,<course_id_placeholder>

Many believe that the best way to improve health is toreduce the amount of sugar people consume.To what extent do you agree ordisagree?,<course_id_placeholder>

In many places people are choosing convenience foods overcooking at home.What are the advantages and disadvantages of this trend?,<course_id_placeholder>

Some think that young people should focus on practicalskills or trades rather than university education. Do you agree or disagree?,<course_id_placeholder>

Traffic congestion is a major problem in large cities. Whatare the root causes and what solutions can you suggest?,<course_id_placeholder>

Globalization has led to many benefits but some people feelthat local cultures are disappearing as a result. Discuss both sides and give your own opinion.,<course_id_placeholder>

Many individuals believe that social media has a negativeimpact on personal relationships. To what extent do you agree or disagree?,<course_id_placeholder>

Some people believe the government should spend more onpublic transport than roads. Discuss both sides and state your view.,<course_id_placeholder>

In some countries students are required to wear schooluniforms. Is this good or bad? What is your opinion?,<course_id_placeholder>

Climate change is one of the biggest challenges facinghumanity. What are some causes and how can governments and individuals help to reduce its impact?,<course_id_placeholder>

Some people think that parents should teach children aboutmoney management at school. To what extent do you agree or disagree?,<course_id_placeholder>

Many believe that people should remain in one job for theirentire career. Others think changing jobs frequently offers more benefits.Discuss both views and give your own opinion.,<course_id_placeholder>

In several countries life expectancy has increased andelderly people make up a larger proportion of the population. What problems does this cause for society and how can they be addressed?,<course_id_placeholder>

Some people think that all university education should befree. Others believe that students should pay tuition fees. Discuss both views and give your opinion.,<course_id_placeholder>

It is argued that children today spend too much time on academic study and not enough time on games or sports. To what extent do you agree or disagree?,<course_id_placeholder>

Many claim that advertising affects children too much.Should there be stricter controls on advertising to protect children?,<course_id_placeholder>

Some people believe that people can never fully recoverafter a natural disaster. Others believe recovery is completely possible withthe right help. Discuss both sides and give your opinion.,<course_id_placeholder>

Many people think that international tourism is harmful to local communities. What are the disadvantages and how could these be reduced?,<course_id_placeholder>

A growing number of people prefer to live in big cities rather than rural areas. What are the benefits and drawbacks of this trend?,<course_id_placeholder>

Some believe that advances in technology will eventually replace humans in many jobs. To what extent do you agree or disagree?,<course_id_placeholder>